Folder|Original|Commons
1|Aleppo_Cittadella_01|Aleppo_Cittadella_-_GAR_-_1-01
1|Amrit_Sepolcro_01|Amrit_Sepolcro_-_GAR_-_1-01
1|Bosra_Teatro Romano_01|Bosra_Teatro_Romano_-_GAR_-_1-01
1|Damasco_Tempio di Giove_01|Damasco_Tempio_di_Giove_-_GAR_-_1-01
1|Dura Europos_Panorama_01|Dura_Europos_Panorama_-_GAR_-_1-01
1|Ebla_Palazzo Occidentale_01|Ebla_Palazzo_Occidentale_-_GAR_-_1-01
1|Ebla_Palazzo Reale G_01|Ebla_Palazzo_Reale_G_-_GAR_-_1-01
1|Hama_Noria_01|Hama_Noria_-_GAR_-_1-01
1|Krak dei Cavalieri_Castello_01|Krak_dei_Cavalieri_Castello_-_GAR_-_1-01
1|Krak dei Cavalieri_Castello_02|Krak_dei_Cavalieri_Castello_-_GAR_-_1-02
1|Krak dei Cavalieri_Castello_03|Krak_dei_Cavalieri_Castello_-_GAR_-_1-03
1|Maaloula_Panorama_01|Maaloula_Panorama_-_GAR_-_1-01
1|Palmira_Teatro Romano_01|Palmira_Teatro_Romano_-_GAR_-_1-01
1|Palmira_Tomba a Torre_01|Palmira_Tomba_a_Torre_-_GAR_-_1-01
1|San Simeone_Basilica_01|San_Simeone_Basilica_-_GAR_-_1-01
1|Sergiopolis_Basilica_01|Sergiopolis_Basilica_-_GAR_-_1-01
1|Serjilla_Andron_01|Serjilla_Andron_-_GAR_-_1-01
1|Serjilla_Casa del Frantoio_01|Serjilla_Casa_del_Frantoio_-_GAR_-_1-01
1|Ugarit_Palazzo Reale_01|Ugarit_Palazzo_Reale_-_GAR_-_1-01
2|Amrit_Santuario Fenicio_01|Amrit_Santuario_Fenicio_-_GAR_-_2-01
2|Amrit_Stadio Ellenistico_01|Amrit_Stadio_Ellenistico_-_GAR_-_2-01
2|Banyas_Castello di Al Marqb_01|Banyas_Castello_di_Al_Marqb_-_GAR_-_2-01
2|Castello del Saladino_01|Castello_del_Saladino_-_GAR_-_2-01
2|Castello del Saladino_02|Castello_del_Saladino_-_GAR_-_2-02
2|Castello del Saladino_03|Castello_del_Saladino_-_GAR_-_2-03
2|Castello del Saladino_04|Castello_del_Saladino_-_GAR_-_2-04
2|Castello del Saladino_05|Castello_del_Saladino_-_GAR_-_2-05
2|Castello del Saladino_06|Castello_del_Saladino_-_GAR_-_2-06
2|Castello del Saladino_07|Castello_del_Saladino_-_GAR_-_2-07
2|Castello del Saladino_08|Castello_del_Saladino_-_GAR_-_2-08
2|Castello del Saladino_09|Castello_del_Saladino_-_GAR_-_2-09
2|Damasco_La Grande Moschea degli Omayyadi_01|Damasco_La_Grande_Moschea_degli_Omayyadi_-_GAR_-_2-01
2|Damasco_Resti della Chiesa Bizantina_01|Damasco_Resti_della_Chiesa_Bizantina_-_GAR_-_2-01
2|Jable_Mercato_01|Jable_Mercato_-_GAR_-_2-01
2|Jable_Teatro Romano_01|Jable_Teatro_Romano_-_GAR_-_2-01
2|Jable_Teatro Romano_02|Jable_Teatro_Romano_-_GAR_-_2-02
2|Krak dei Cavalieri_Castello_04|Krak_dei_Cavalieri_Castello_-_GAR_-_2-04
2|Latakia_Museo_01|Latakia_Museo_-_GAR_-_2-01
2|Latakia_Museo_02|Latakia_Museo_-_GAR_-_2-02
2|Qalaat Siman_Palazzetto della Città_01|Qalaat_Siman_Palazzetto_della_Città_-_GAR_-_2-01
2|Sergiopolis_Città_01|Sergiopolis_Città_-_GAR_-_2-01
3|Palmira_Panorama_01|Palmira_Panorama_-_GAR_-_3-01
3|Palmira_Teatro Romano_02|Palmira_Teatro_Romano_-_GAR_-_3-02
3|Palmira_Tempio di Baal_01|Palmira_Tempio_di_Baal_-_GAR_-_3-01
3|Palmira_Via Colonnata_01|Palmira_Via_Colonnata_-_GAR_-_3-01
3|Tartus_Chiesa di Notre Dame_01|Tartus_Chiesa_di_Notre_Dame_-_GAR_-_3-01
3|Tartus_Chiesa gotica diruta_01|Tartus_Chiesa_gotica_diruta_-_GAR_-_3-01
3|Tartus_Chiesa gotica diruta_02|Tartus_Chiesa_gotica_diruta_-_GAR_-_3-02
3|Tartus_Fortezza dei Templari_01|Tartus_Fortezza_dei_Templari_-_GAR_-_3-01
3|Tartus_Museo archeologico_01|Tartus_Museo_archeologico_-_GAR_-_3-01
3|Tartus_Scorcio della città crociata_01|Tartus_Scorcio_della_città_crociata_-_GAR_-_3-01
3|Ugarit_Panorama della città_01|Ugarit_Panorama_della_città_-_GAR_-_3-01
3|Ugarit_Porta_01|Ugarit_Porta_-_GAR_-_3-01
3|Ugarit_Porta_02|Ugarit_Porta_-_GAR_-_3-02
3|Ugarit_Tomba_01|Ugarit_Tomba_-_GAR_-_3-01
4|Aleppo_moschea degli Omayyadi_01|Aleppo_moschea_degli_Omayyadi_-_GAR_-_4-01
4|Apamea_via colonnata_03|Apamea_via_colonnata_-_GAR_-_4-03
4|Bosra_Artigiano_01|Bosra_Artigiano_-_GAR_-_4-01
4|Halabiya_fortezza_01|Halabiya_fortezza_-_GAR_-_4-01
4|Kanatha Al Qanawat_Case Romano bizantine_01|Kanatha_Al_Qanawat_Case_Romano_bizantine_-_GAR_-_4-01
4|Kanatha Al Qanawat_particolare finestra_01|Kanatha_Al_Qanawat_particolare_finestra_-_GAR_-_4-01
4|Kanatha Al Qanawat_tempio_01|Kanatha_Al_Qanawat_tempio_-_GAR_-_4-01
4|Krak dei Cavalieri_Castello_05|Krak_dei_Cavalieri_Castello_-_GAR_-_4-05
4|Krak dei Cavalieri_Castello_06|Krak_dei_Cavalieri_Castello_-_GAR_-_4-06
4|Philippopolis_piccolo museo mosaico_01|Philippopolis_piccolo_museo_mosaico_-_GAR_-_4-01
4|Philippopolis_piccolo museo mosaico_02|Philippopolis_piccolo_museo_mosaico_-_GAR_-_4-02
4|Philippopolis_Teatro romano_01|Philippopolis_Teatro_romano_-_GAR_-_4-01
4|San Simeone_caseggiato bizantino_01|San_Simeone_caseggiato_bizantino_-_GAR_-_4-01
4|Seidnaya_Grotte eremiti_01|Seidnaya_Grotte_eremiti_-_GAR_-_4-01
4|Serjilla_piccola siriana_01|Serjilla_piccola_siriana_-_GAR_-_4-01
5|Aleppo_strada vicino moschea Omayyadi_01|Aleppo_strada_vicino_moschea_Omayyadi_-_GAR_-_5-01
5|Aleppo_strada vicino moschea Omayyadi_02|Aleppo_strada_vicino_moschea_Omayyadi_-_GAR_-_5-02
5|Apamea_Via Colonnata_01|Apamea_Via_Colonnata_-_GAR_-_5-01
5|Apamea_Via Colonnata_02|Apamea_Via_Colonnata_-_GAR_-_5-02
5|Bosra_Chiesa Bizantina_01|Bosra_Chiesa_Bizantina_-_GAR_-_5-01
5|Bosra_Grandi Terme_01|Bosra_Grandi_Terme_-_GAR_-_5-01
5|Bosra_Moschea_01|Bosra_Moschea_-_GAR_-_5-01
5|Bosra_Porta del Vento_01|Bosra_Porta_del_Vento_-_GAR_-_5-01
5|Bosra_Teatro Romano_02|Bosra_Teatro_Romano_-_GAR_-_5-02
5|Damasco_Moschea degli Omayyadi_01|Damasco_Moschea_degli_Omayyadi_-_GAR_-_5-01
5|Damasco_Moschea degli Omayyadi_02|Damasco_Moschea_degli_Omayyadi_-_GAR_-_5-02
5|Dura Europos_Caseggiati Ellenistici_01|Dura_Europos_Caseggiati_Ellenistici_-_GAR_-_5-01
5|Dura Europos_Cittadella_01|Dura_Europos_Cittadella_-_GAR_-_5-01
5|Dura Europos_Fortificazione Cittadella_01|Dura_Europos_Fortificazione_Cittadella_-_GAR_-_5-01
5|Dura Europos_Porta della città_01|Dura_Europos_Porta_della_città_-_GAR_-_5-01
5|Dura Europos_Tempio di Baal_01|Dura_Europos_Tempio_di_Baal_-_GAR_-_5-01
5|Ebla_Tempio di Ishtar_01|Ebla_Tempio_di_Ishtar_-_GAR_-_5-01
5|Latakia_Arco Settimio Severo_01|Latakia_Arco_Settimio_Severo_-_GAR_-_5-01
5|Latakia_Colonnato_01|Latakia_Colonnato_-_GAR_-_5-01
5|Latakia_Mosaico_01|Latakia_Mosaico_-_GAR_-_5-01
5|Palmira_Panorama Via Colonnata_01|Palmira_Panorama_Via_Colonnata_-_GAR_-_5-01
5|Palmira_Tempio di Baal_02|Palmira_Tempio_di_Baal_-_GAR_-_5-02
5|Palmira_Tombe a Torre_02|Palmira_Tombe_a_Torre_-_GAR_-_5-02
5|Palmira_Tombe a Torre_03|Palmira_Tombe_a_Torre_-_GAR_-_5-03
5|Seidnaya_Acropoli_01|Seidnaya_Acropoli_-_GAR_-_5-01
5|Sergiopolis_Basilica di San Sergio_01|Sergiopolis_Basilica_di_San_Sergio_-_GAR_-_5-01
5|Serjilla_Andron e Terme_01|Serjilla_Andron_e_Terme_-_GAR_-_5-01
5|Serjilla_Andron e Terme_02|Serjilla_Andron_e_Terme_-_GAR_-_5-02
5|Serjilla_Case bizantine_01|Serjilla_Case_bizantine_-_GAR_-_5-01
5|Serjilla_Panorama_01|Serjilla_Panorama_-_GAR_-_5-01
6|APAMEA Acropoli con villaggio arabo 014|APAMEA_Acropoli_con_villaggio_arabo_-_GAR_-_6-014
6|APAMEA Case e botteghe lungo la Via colonnata 052|APAMEA_Case_e_botteghe_lungo_la_Via_colonnata_-_GAR_-_6-052
6|APAMEA Case e botteghe lungo la Via colonnata 053|APAMEA_Case_e_botteghe_lungo_la_Via_colonnata_-_GAR_-_6-053
6|APAMEA Il Tetraconco 009|APAMEA_Il_Tetraconco_-_GAR_-_6-009
6|APAMEA Ingresso di un'abitazione 013|APAMEA_Ingresso_di_un'abitazione_-_GAR_-_6-013
6|APAMEA Museo - Capitello a cestello bizantino 041|APAMEA_Museo_-_Capitello_a_cestello_bizantino_-_GAR_-_6-041
6|APAMEA Museo - Cortile 031|APAMEA_Museo_-_Cortile_-_GAR_-_6-031
6|APAMEA Museo - Ingresso 027|APAMEA_Museo_-_Ingresso_-_GAR_-_6-027
6|APAMEA Museo - Mosaico con emblema di amazzone 042|APAMEA_Museo_-_Mosaico_con_emblema_di_amazzone_-_GAR_-_6-042
6|APAMEA Museo - Panoramica 026|APAMEA_Museo_-_Panoramica_-_GAR_-_6-026
6|APAMEA Museo - Particolare del cortile 029|APAMEA_Museo_-_Particolare_del_cortile_-_GAR_-_6-029
6|APAMEA Museo - Particolare delle sale espositive 035|APAMEA_Museo_-_Particolare_delle_sale_espositive_-_GAR_-_6-035
6|APAMEA Museo - Particolare delle sale espositive 032|APAMEA_Museo_-_Particolare_delle_sale_espositive_-_GAR_-_6-032
6|APAMEA Museo - Particolare delle sale espositive 033|APAMEA_Museo_-_Particolare_delle_sale_espositive_-_GAR_-_6-033
6|APAMEA Museo - Sarcofago romano a ghirlande 039|APAMEA_Museo_-_Sarcofago_romano_a_ghirlande_-_GAR_-_6-039
6|APAMEA Museo - Tavola offertoria 040|APAMEA_Museo_-_Tavola_offertoria_-_GAR_-_6-040
6|APAMEA Palazzetto bizantino 011|APAMEA_Palazzetto_bizantino_-_GAR_-_6-011
6|APAMEA Palazzetto bizantino 012|APAMEA_Palazzetto_bizantino_-_GAR_-_6-012
6|APAMEA Tra i bambini del villaggio arabo 016|APAMEA_Tra_i_bambini_del_villaggio_arabo_-_GAR_-_6-016
6|APAMEA Tra i bambini del villaggio arabo 017|APAMEA_Tra_i_bambini_del_villaggio_arabo_-_GAR_-_6-017
6|APAMEA Tra i bambini del villaggio arabo 022|APAMEA_Tra_i_bambini_del_villaggio_arabo_-_GAR_-_6-022
6|APAMEA Tra i bambini del villaggio arabo 023|APAMEA_Tra_i_bambini_del_villaggio_arabo_-_GAR_-_6-023
6|APAMEA Tra i bambini del villaggio arabo 024|APAMEA_Tra_i_bambini_del_villaggio_arabo_-_GAR_-_6-024
6|APAMEA Via colonnata - panorama 084|APAMEA_Via_colonnata_-_panorama_-_GAR_-_6-084
6|APAMEA Via colonnata - particolare 068|APAMEA_Via_colonnata_-_particolare_-_GAR_-_6-068
6|APAMEA Via colonnata - particolare di una trabeazione 069|APAMEA_Via_colonnata_-_particolare_di_una_trabeazione_-_GAR_-_6-069
6|APAMEA Via colonnata 057|APAMEA_Via_colonnata_-_GAR_-_6-057
6|APAMEA Via colonnata 058|APAMEA_Via_colonnata_-_GAR_-_6-058
6|DEIR MAR MUSA Santuario di San Mosè l'Abissino - Incontro con Padre Dall'Oglio 10|DEIR_MAR_MUSA_Santuario_di_San_Mosè_l'Abissino_-_Incontro_con_Padre_Dall'Oglio_-_GAR_-_6-10
6|DEIR MAR MUSA Santuario di San Mosè l'Abissino - Interno della chiesa 05|DEIR_MAR_MUSA_Santuario_di_San_Mosè_l'Abissino_-_Interno_della_chiesa_-_GAR_-_6-05
6|DEIR MAR MUSA Santuario di San Mosè l'Abissino - particolare della chiesa 06|DEIR_MAR_MUSA_Santuario_di_San_Mosè_l'Abissino_-_particolare_della_chiesa_-_GAR_-_6-06
6|DEIR MAR MUSA Santuario di San Mosè l'Abissino 03|DEIR_MAR_MUSA_Santuario_di_San_Mosè_l'Abissino_-_GAR_-_6-03
6|HAMA Centro Storico - particolare 12|HAMA_Centro_Storico_-_particolare_-_GAR_-_6-12
6|HAMA Centro Storico - particolare 13|HAMA_Centro_Storico_-_particolare_-_GAR_-_6-13
6|HAMA Centro Storico - particolare 14|HAMA_Centro_Storico_-_particolare_-_GAR_-_6-14
6|HAMA Centro Storico - particolare 15|HAMA_Centro_Storico_-_particolare_-_GAR_-_6-15
6|HAMA Centro Storico - particolare 22|HAMA_Centro_Storico_-_particolare_-_GAR_-_6-22
6|HAMA Cortile della Moschea 18|HAMA_Cortile_della_Moschea_-_GAR_-_6-18
6|HAMA Ingresso della Moschea con materiali bizantini di reimpiego 19|HAMA_Ingresso_della_Moschea_con_materiali_bizantini_di_reimpiego_-_GAR_-_6-19
6|HAMA Interno della Moschea 17|HAMA_Interno_della_Moschea_-_GAR_-_6-17
6|HAMA Moschea 09|HAMA_Moschea_-_GAR_-_6-09
6|HAMA Museo Archeologico 03|HAMA_Museo_Archeologico_-_GAR_-_6-03
6|HAMA Museo Archeologico Battenti di camera funeraria romana 08|HAMA_Museo_Archeologico_Battenti_di_camera_funeraria_romana_-_GAR_-_6-08
6|HAMA Museo Archeologico Sarcofagi romani in piombo 06|HAMA_Museo_Archeologico_Sarcofagi_romani_in_piombo_-_GAR_-_6-06
6|HAMA Museo Archeologico Sarcofago tardoantico 04|HAMA_Museo_Archeologico_Sarcofago_tardoantico_-_GAR_-_6-04
6|HAMA Museo Archeologico Statua funeraria dipinta 05|HAMA_Museo_Archeologico_Statua_funeraria_dipinta_-_GAR_-_6-05
6|HAMA Museo Archeologico Stele funeraria 07|HAMA_Museo_Archeologico_Stele_funeraria_-_GAR_-_6-07
6|HAMA Noria - particolare 23|HAMA_Noria_-_particolare_-_GAR_-_6-23
6|HAMA Noria 24|HAMA_Noria_-_GAR_-_6-24
6|HAMA Noria 25|HAMA_Noria_-_GAR_-_6-25
6|HAMA Noria 26|HAMA_Noria_-_GAR_-_6-26
6|HAMA Noria 27|HAMA_Noria_-_GAR_-_6-27
6|HAMA Piazza principale 11|HAMA_Piazza_principale_-_GAR_-_6-11
6|HAMA Tuffo nel fiume Oronte 28|HAMA_Tuffo_nel_fiume_Oronte_-_GAR_-_6-28
6|KRAK DES CHEVALIERS 00|KRAK_DES_CHEVALIERS_-_GAR_-_6-00
6|KRAK DES CHEVALIERS Chiesa - Interno 02|KRAK_DES_CHEVALIERS_Chiesa_-_Interno_-_GAR_-_6-02
6|MAALULA Panorama 07|MAALULA_Panorama_-_GAR_-_6-07
6|MAALULA Panorama delle grotte verso la tagliata di S. Tecla 03|MAALULA_Panorama_delle_grotte_verso_la_tagliata_di_S._Tecla_-_GAR_-_6-03
6|MAALULA Tagliata di S. Tecla 04|MAALULA_Tagliata_di_S._Tecla_-_GAR_-_6-04
6|PALMYRA Agorà 011|PALMYRA_Agorà_-_GAR_-_6-011
6|PALMYRA Arco di Trionfo 091|PALMYRA_Arco_di_Trionfo_-_GAR_-_6-091
6|PALMYRA Arco di Trionfo 095|PALMYRA_Arco_di_Trionfo_-_GAR_-_6-095
6|PALMYRA Arco di Trionfo 096|PALMYRA_Arco_di_Trionfo_-_GAR_-_6-096
6|PALMYRA Castello 016|PALMYRA_Castello_-_GAR_-_6-016
6|PALMYRA Ipogeo di Artaban - Il custode 033|PALMYRA_Ipogeo_di_Artaban_-_Il_custode_-_GAR_-_6-033
6|PALMYRA Ipogeo di Artaban ingresso 030|PALMYRA_Ipogeo_di_Artaban_ingresso_-_GAR_-_6-030
6|PALMYRA Ipogeo di Artaban ingresso 032|PALMYRA_Ipogeo_di_Artaban_ingresso_-_GAR_-_6-032
6|PALMYRA Ipogeo di Artaban interno 031|PALMYRA_Ipogeo_di_Artaban_interno_-_GAR_-_6-031
6|PALMYRA Ipogeo di Artaban interno 036|PALMYRA_Ipogeo_di_Artaban_interno_-_GAR_-_6-036
6|PALMYRA Ipogeo di Artaban interno 037|PALMYRA_Ipogeo_di_Artaban_interno_-_GAR_-_6-037
6|PALMYRA Ipogeo di Artaban interno 038|PALMYRA_Ipogeo_di_Artaban_interno_-_GAR_-_6-038
6|PALMYRA Ipogeo di Artaban interno 041|PALMYRA_Ipogeo_di_Artaban_interno_-_GAR_-_6-041
6|PALMYRA Monumento a Tempio 010|PALMYRA_Monumento_a_Tempio_-_GAR_-_6-010
6|PALMYRA Necropoli delle tombe a torre 017|PALMYRA_Necropoli_delle_tombe_a_torre_-_GAR_-_6-017
6|PALMYRA Panorama della necropoli 073|PALMYRA_Panorama_della_necropoli_-_GAR_-_6-073
6|PALMYRA Tempio di Baal 055|PALMYRA_Tempio_di_Baal_-_GAR_-_6-055
6|PALMYRA Tempio di Baal interno della cella - particolare 063|PALMYRA_Tempio_di_Baal_interno_della_cella_-_particolare_-_GAR_-_6-063
6|PALMYRA Tempio di Baal interno della cella - particolare 064|PALMYRA_Tempio_di_Baal_interno_della_cella_-_particolare_-_GAR_-_6-064
6|PALMYRA Tempio di Baal interno della cella 061|PALMYRA_Tempio_di_Baal_interno_della_cella_-_GAR_-_6-061
6|PALMYRA Tempio di Baal interno della cella 062|PALMYRA_Tempio_di_Baal_interno_della_cella_-_GAR_-_6-062
6|PALMYRA Tempio di Baal particolare del fregio con divinità e sacrifici 058|PALMYRA_Tempio_di_Baal_particolare_del_fregio_con_divinità_e_sacrifici_-_GAR_-_6-058
6|PALMYRA Tempio di Baal particolare del fregio con offerenti 059|PALMYRA_Tempio_di_Baal_particolare_del_fregio_con_offerenti_-_GAR_-_6-059
6|PALMYRA Tempio di Baal particolare del fregio con processione sacra 060|PALMYRA_Tempio_di_Baal_particolare_del_fregio_con_processione_sacra_-_GAR_-_6-060
6|PALMYRA Tempio di Baal particolare del fregio con sfilata degli dei 057|PALMYRA_Tempio_di_Baal_particolare_del_fregio_con_sfilata_degli_dei_-_GAR_-_6-057
6|PALMYRA Tempio di Baal Shamin 005|PALMYRA_Tempio_di_Baal_Shamin_-_GAR_-_6-005
6|PALMYRA Tempio di Baal Shamin 009|PALMYRA_Tempio_di_Baal_Shamin_-_GAR_-_6-009
6|PALMYRA Tempio di Baal Shamin Cella 006|PALMYRA_Tempio_di_Baal_Shamin_Cella_-_GAR_-_6-006
6|PALMYRA Tempio di Baal Shamin Particolare 007|PALMYRA_Tempio_di_Baal_Shamin_Particolare_-_GAR_-_6-007
6|PALMYRA Tempio funerario 092|PALMYRA_Tempio_funerario_-_GAR_-_6-092
6|PALMYRA Tetrapilo 084|PALMYRA_Tetrapilo_-_GAR_-_6-084
6|PALMYRA Tetrapilo 085|PALMYRA_Tetrapilo_-_GAR_-_6-085
6|PALMYRA Tetrapilo particolare 086|PALMYRA_Tetrapilo_particolare_-_GAR_-_6-086
6|PALMYRA Tomba a ipogeo interno 039|PALMYRA_Tomba_a_ipogeo_interno_-_GAR_-_6-039
6|PALMYRA Tomba a ipogeo interno 040|PALMYRA_Tomba_a_ipogeo_interno_-_GAR_-_6-040
6|PALMYRA Tomba a torre 021|PALMYRA_Tomba_a_torre_-_GAR_-_6-021
6|PALMYRA Tomba a torre interno 023|PALMYRA_Tomba_a_torre_interno_-_GAR_-_6-023
6|PALMYRA Tomba a torre interno 024|PALMYRA_Tomba_a_torre_interno_-_GAR_-_6-024
6|PALMYRA tomba a torre interno 025|PALMYRA_tomba_a_torre_interno_-_GAR_-_6-025
6|PALMYRA Tomba a torre interno 026|PALMYRA_Tomba_a_torre_interno_-_GAR_-_6-026
6|YABROUD Chiesa di Sant'Agostino già tempio di Zeus Yabrudis 01|YABROUD_Chiesa_di_Sant'Agostino_già_tempio_di_Zeus_Yabrudis_-_GAR_-_6-01
6|YABROUD Chiesa di Sant'Agostino già tempio di Zeus Yabrudis 02|YABROUD_Chiesa_di_Sant'Agostino_già_tempio_di_Zeus_Yabrudis_-_GAR_-_6-02
6|YABROUD Necropoli 05|YABROUD_Necropoli_-_GAR_-_6-05
6|YABROUD Necropoli 06|YABROUD_Necropoli_-_GAR_-_6-06
6|YABROUD Necropoli 07|YABROUD_Necropoli_-_GAR_-_6-07
6|YABROUD Necropoli 08|YABROUD_Necropoli_-_GAR_-_6-08
6|YABROUD Necropoli 09|YABROUD_Necropoli_-_GAR_-_6-09
6|YABROUD Necropoli 10|YABROUD_Necropoli_-_GAR_-_6-10
7|Aleppo_cittadella_01|Aleppo_cittadella_-_GAR_-_7-01
7|Aleppo_cittadella_02|Aleppo_cittadella_-_GAR_-_7-02
7|Aleppo_Grande moschea Omayyadi_01|Aleppo_Grande_moschea_Omayyadi_-_GAR_-_7-01
7|Aleppo_Grande moschea Omayyadi_02|Aleppo_Grande_moschea_Omayyadi_-_GAR_-_7-02
7|Aleppo_Grande moschea Omayyadi_03|Aleppo_Grande_moschea_Omayyadi_-_GAR_-_7-03
7|Aleppo_Museo archeologico_01|Aleppo_Museo_archeologico_-_GAR_-_7-01
7|Aleppo_Museo archeologico_02|Aleppo_Museo_archeologico_-_GAR_-_7-02
7|Aleppo_Quartiere Armeno_01|Aleppo_Quartiere_Armeno_-_GAR_-_7-01
7|Aleppo_suq_01|Aleppo_suq_-_GAR_-_7-01
7|Aleppo_suq_02|Aleppo_suq_-_GAR_-_7-02
7|Aleppo_suq_03|Aleppo_suq_-_GAR_-_7-03
7|Aleppo_suq_04|Aleppo_suq_-_GAR_-_7-04
7|Aleppo_suq_05|Aleppo_suq_-_GAR_-_7-05
7|Aleppo_suq_06|Aleppo_suq_-_GAR_-_7-06
7|Aleppo_suq_07|Aleppo_suq_-_GAR_-_7-07
7|Dura Europos_cittadella_01|Dura_Europos_cittadella_-_GAR_-_7-01
7|Dura Europos_cittadella_02|Dura_Europos_cittadella_-_GAR_-_7-02
7|Dura Europos_cittadella_03|Dura_Europos_cittadella_-_GAR_-_7-03
7|Dura Europos_cittadella_04|Dura_Europos_cittadella_-_GAR_-_7-04
7|Dura Europos_cittadella_05|Dura_Europos_cittadella_-_GAR_-_7-05
7|Dura Europos_mura città_01|Dura_Europos_mura_città_-_GAR_-_7-01
7|Dura Europos_Mura_01|Dura_Europos_Mura_-_GAR_-_7-01
7|Dura Europos_Porta della città_01|Dura_Europos_Porta_della_città_-_GAR_-_7-01
7|Dura Europos_scavi quartiere ellenistico_01|Dura_Europos_scavi_quartiere_ellenistico_-_GAR_-_7-01
7|Dura Europos_Tempio divinità orientali_01|Dura_Europos_Tempio_divinità_orientali_-_GAR_-_7-01
7|Halabiyah_01|Halabiyah_-_GAR_-_7-01
7|Halabiyah_02|Halabiyah_-_GAR_-_7-02
7|Halabiyah_03|Halabiyah_-_GAR_-_7-03
7|Halabiyah_04|Halabiyah_-_GAR_-_7-04
7|Halabiyah_05|Halabiyah_-_GAR_-_7-05
7|Mari_Palazzo di Zimri-Lim_01|Mari_Palazzo_di_Zimri-Lim_-_GAR_-_7-01
7|Mari_Palazzo di Zimri-Lim_02|Mari_Palazzo_di_Zimri-Lim_-_GAR_-_7-02
7|Mari_Palazzo di Zimri-Lim_03|Mari_Palazzo_di_Zimri-Lim_-_GAR_-_7-03
7|Mari_Palazzo di Zimri-Lim_04|Mari_Palazzo_di_Zimri-Lim_-_GAR_-_7-04
7|Mari_Palazzo di Zimri-Lim_05|Mari_Palazzo_di_Zimri-Lim_-_GAR_-_7-05
7|Mari_Palazzo di Zimri-Lim_06|Mari_Palazzo_di_Zimri-Lim_-_GAR_-_7-06
7|Palmira_Fakhr-al-Din al-Maani_01|Palmira_Fakhr-al-Din_al-Maani_-_GAR_-_7-01
7|Palmira_Fakhr-al-Din al-Maani_02|Palmira_Fakhr-al-Din_al-Maani_-_GAR_-_7-02
7|Palmira_Fakhr-al-Din al-Maani_03|Palmira_Fakhr-al-Din_al-Maani_-_GAR_-_7-03
7|Palmira_Fortezza di Qualah ibn Maan_01|Palmira_Fortezza_di_Qualah_ibn_Maan_-_GAR_-_7-01
7|Palmira_Museo_01|Palmira_Museo_-_GAR_-_7-01
7|Palmira_Museo_02|Palmira_Museo_-_GAR_-_7-02
7|Palmira_Museo_03|Palmira_Museo_-_GAR_-_7-03
7|Palmira_Museo_04|Palmira_Museo_-_GAR_-_7-04
7|Palmira_Panorama_01|Palmira_Panorama_-_GAR_-_7-01
7|Palmira_Panorama_02|Palmira_Panorama_-_GAR_-_7-02
7|Palmira_panorama_03|Palmira_panorama_-_GAR_-_7-03
7|Palmira_panorama_04|Palmira_panorama_-_GAR_-_7-04
7|Palmira_Teatro romano_01|Palmira_Teatro_romano_-_GAR_-_7-01
7|Palmira_Tempio di Allat Atena_01|Palmira_Tempio_di_Allat_Atena_-_GAR_-_7-01
7|Palmira_Tempio di Baal_01|Palmira_Tempio_di_Baal_-_GAR_-_7-01
7|Palmira_Tempio di Baal_02|Palmira_Tempio_di_Baal_-_GAR_-_7-02
7|Palmira_Tempio di Baal_03|Palmira_Tempio_di_Baal_-_GAR_-_7-03
7|Palmira_Tempio di Baal_04|Palmira_Tempio_di_Baal_-_GAR_-_7-04
7|Palmira_Tempio di Baal_05|Palmira_Tempio_di_Baal_-_GAR_-_7-05
7|Palmira_Tempio di Baal_06|Palmira_Tempio_di_Baal_-_GAR_-_7-06
7|Palmira_Tempio di Baal_07|Palmira_Tempio_di_Baal_-_GAR_-_7-07
7|Palmira_Tempio di Baal_08|Palmira_Tempio_di_Baal_-_GAR_-_7-08
7|Palmira_Tempio di Baal_09|Palmira_Tempio_di_Baal_-_GAR_-_7-09
7|Palmira_Tempio funerario_01|Palmira_Tempio_funerario_-_GAR_-_7-01
7|Palmira_Tetrapylon_01|Palmira_Tetrapylon_-_GAR_-_7-01
7|Palmira_Tetrapylon_02|Palmira_Tetrapylon_-_GAR_-_7-02
7|Palmira_Tombe ipogee_01|Palmira_Tombe_ipogee_-_GAR_-_7-01
7|Palmira_Tombe ipogee_02|Palmira_Tombe_ipogee_-_GAR_-_7-02
7|Palmira_Via colonnata_01|Palmira_Via_colonnata_-_GAR_-_7-01
7|Palmira_Via colonnata_02|Palmira_Via_colonnata_-_GAR_-_7-02
7|Palmira_Via colonnata_03|Palmira_Via_colonnata_-_GAR_-_7-03
7|Palmira_Via colonnata_04|Palmira_Via_colonnata_-_GAR_-_7-04
7|Sergiopolis_cattedrale_01|Sergiopolis_cattedrale_-_GAR_-_7-01
7|Sergiopolis_cattedrale_02|Sergiopolis_cattedrale_-_GAR_-_7-02
7|Sergiopolis_cattedrale_03|Sergiopolis_cattedrale_-_GAR_-_7-03
7|Sergiopolis_cattedrale_04|Sergiopolis_cattedrale_-_GAR_-_7-04
7|Sergiopolis_cattedrale_05|Sergiopolis_cattedrale_-_GAR_-_7-05
7|Sergiopolis_cattedrale_06|Sergiopolis_cattedrale_-_GAR_-_7-06
7|Tell Barry_01|Tell_Barry_-_GAR_-_7-01
7|Tell Barry_02|Tell_Barry_-_GAR_-_7-02
7|Tell Barry_03|Tell_Barry_-_GAR_-_7-03
7|Tell Barry_04|Tell_Barry_-_GAR_-_7-04
7|Tell Barry_05|Tell_Barry_-_GAR_-_7-05
8|Al Quanawat-Kanatha_01|Al_Quanawat-Kanatha_-_GAR_-_8-01
8|Al Quanawat-Kanatha_02|Al_Quanawat-Kanatha_-_GAR_-_8-02
8|Al Quanawat-Kanatha_03|Al_Quanawat-Kanatha_-_GAR_-_8-03
8|Al Quanawat-Kanatha_04|Al_Quanawat-Kanatha_-_GAR_-_8-04
8|Al Quanawat-Kanatha_05|Al_Quanawat-Kanatha_-_GAR_-_8-05
8|Al Quanawat-Kanatha_06|Al_Quanawat-Kanatha_-_GAR_-_8-06
8|Atil_01|Atil_-_GAR_-_8-01
8|Atil_02|Atil_-_GAR_-_8-02
8|Bosra_Caseggiato bizantino_01|Bosra_Caseggiato_bizantino_-_GAR_-_8-01
8|Bosra_Grandi terme_01|Bosra_Grandi_terme_-_GAR_-_8-01
8|Bosra_Teatro romano_01|Bosra_Teatro_romano_-_GAR_-_8-01
8|Bosra_Tetaro romano_02|Bosra_Tetaro_romano_-_GAR_-_8-02
8|Es Sanamein_01|Es_Sanamein_-_GAR_-_8-01
8|Ezraa_01|Ezraa_-_GAR_-_8-01
8|Ezraa_02|Ezraa_-_GAR_-_8-02
8|Ezraa_03|Ezraa_-_GAR_-_8-03
8|Ezraa_Chiesa di San Giorgio_01|Ezraa_Chiesa_di_San_Giorgio_-_GAR_-_8-01
8|Mushennef_01|Mushennef_-_GAR_-_8-01
9|Aleppo_Cittadella_01|Aleppo_Cittadella_-_GAR_-_9-01
9|Aleppo_Cittadella_02|Aleppo_Cittadella_-_GAR_-_9-02
9|Aleppo_Cittadella_03|Aleppo_Cittadella_-_GAR_-_9-03
9|Aleppo_Cittadella_04|Aleppo_Cittadella_-_GAR_-_9-04
9|Aleppo_Cittadella_05|Aleppo_Cittadella_-_GAR_-_9-05
9|Aleppo_Cittadella_07|Aleppo_Cittadella_-_GAR_-_9-07
9|Aleppo_Cittadella_08|Aleppo_Cittadella_-_GAR_-_9-08
9|Aleppo_Cittadella_09|Aleppo_Cittadella_-_GAR_-_9-09
9|Aleppo_Cittadella_10|Aleppo_Cittadella_-_GAR_-_9-10
9|Aleppo_Cittadella_11|Aleppo_Cittadella_-_GAR_-_9-11
9|Aleppo_Cittadella_12|Aleppo_Cittadella_-_GAR_-_9-12
9|Aleppo_Cittadella_13|Aleppo_Cittadella_-_GAR_-_9-13
9|Aleppo_Cittadella_14|Aleppo_Cittadella_-_GAR_-_9-14
9|Aleppo_Cittadella_15|Aleppo_Cittadella_-_GAR_-_9-15
9|Aleppo_Cittadella_16|Aleppo_Cittadella_-_GAR_-_9-16
9|Aleppo_Cittadella_17|Aleppo_Cittadella_-_GAR_-_9-17
9|Aleppo_Cittadella_18|Aleppo_Cittadella_-_GAR_-_9-18
9|Aleppo_Cittadella_19|Aleppo_Cittadella_-_GAR_-_9-19
9|Aleppo_Cittadella_20|Aleppo_Cittadella_-_GAR_-_9-20
9|Aleppo_Cittadella_21|Aleppo_Cittadella_-_GAR_-_9-21
9|Aleppo_Cittadella_22|Aleppo_Cittadella_-_GAR_-_9-22
9|Aleppo_Cittadella_23|Aleppo_Cittadella_-_GAR_-_9-23
9|Aleppo_Cittadella_24|Aleppo_Cittadella_-_GAR_-_9-24
9|Aleppo_Cittadella_25|Aleppo_Cittadella_-_GAR_-_9-25
9|Aleppo_Cittadella_26|Aleppo_Cittadella_-_GAR_-_9-26
9|Aleppo_Cittadella_27|Aleppo_Cittadella_-_GAR_-_9-27
9|Aleppo_Cittadella_28|Aleppo_Cittadella_-_GAR_-_9-28
9|Aleppo_Cittadella_29|Aleppo_Cittadella_-_GAR_-_9-29
9|Aleppo_Cittadella_30|Aleppo_Cittadella_-_GAR_-_9-30
9|Aleppo_Cittadella_31|Aleppo_Cittadella_-_GAR_-_9-31
9|Aleppo_Cittadella_32|Aleppo_Cittadella_-_GAR_-_9-32
9|Aleppo_Cittadella_33|Aleppo_Cittadella_-_GAR_-_9-33
9|Aleppo_Cittadella_34|Aleppo_Cittadella_-_GAR_-_9-34
9|Aleppo_Palazzo governativo_01|Aleppo_Palazzo_governativo_-_GAR_-_9-01
9|Aleppo_panorama_01|Aleppo_panorama_-_GAR_-_9-01
9|Aleppo_panorama_02|Aleppo_panorama_-_GAR_-_9-02
9|Aleppo_panorama_03|Aleppo_panorama_-_GAR_-_9-03
9|Aleppo_panorama_04|Aleppo_panorama_-_GAR_-_9-04
9|Burji Hadar_01|Burji_Hadar_-_GAR_-_9-01
9|Burji Hadar_02|Burji_Hadar_-_GAR_-_9-02
9|Burji Hadar_03|Burji_Hadar_-_GAR_-_9-03
9|Burji Hadar_04|Burji_Hadar_-_GAR_-_9-04
9|Burji Hadar_05|Burji_Hadar_-_GAR_-_9-05
9|Burji Hadar_06|Burji_Hadar_-_GAR_-_9-06
9|Burji Hadar_07|Burji_Hadar_-_GAR_-_9-07
9|Burjikeh_01|Burjikeh_-_GAR_-_9-01
9|Burjikeh_02|Burjikeh_-_GAR_-_9-02
9|Burjikeh_03|Burjikeh_-_GAR_-_9-03
9|Burjikeh_04|Burjikeh_-_GAR_-_9-04
9|Burjikeh_05|Burjikeh_-_GAR_-_9-05
9|Burjikeh_06|Burjikeh_-_GAR_-_9-06
9|Casr al Banat_01|Casr_al_Banat_-_GAR_-_9-01
9|Chalcis ad Belum_01|Chalcis_ad_Belum_-_GAR_-_9-01
9|Cyrrus_01|Cyrrus_-_GAR_-_9-01
9|Cyrrus_02|Cyrrus_-_GAR_-_9-02
9|Cyrrus_03|Cyrrus_-_GAR_-_9-03
9|Dana nord_01|Dana_nord_-_GAR_-_9-01
9|Dana nord_02|Dana_nord_-_GAR_-_9-02
9|Dana sud_01|Dana_sud_-_GAR_-_9-01
9|Darkita Monaster_01|Darkita_Monaster_-_GAR_-_9-01
9|Darkita Monaster_02|Darkita_Monaster_-_GAR_-_9-02
9|Darkita_01|Darkita_-_GAR_-_9-01
9|Darkita_02|Darkita_-_GAR_-_9-02
9|Darkita_03|Darkita_-_GAR_-_9-03
9|Darkita_04|Darkita_-_GAR_-_9-04
9|Darkita_06|Darkita_-_GAR_-_9-06
9|Ebla_Palazzo G_01|Ebla_Palazzo_G_-_GAR_-_9-01
9|Ebla_Palazzo G_02|Ebla_Palazzo_G_-_GAR_-_9-02
9|Ebla_Palazzo G_03|Ebla_Palazzo_G_-_GAR_-_9-03
9|Ebla_Palazzo meridionale_01|Ebla_Palazzo_meridionale_-_GAR_-_9-01
9|Ebla_Porta sud-Ovest_01|Ebla_Porta_sud-Ovest_-_GAR_-_9-01
9|Ebla_Porta sud-Ovest_02|Ebla_Porta_sud-Ovest_-_GAR_-_9-02
9|Fafirtin_01|Fafirtin_-_GAR_-_9-01
10|Aleppo_Moschea_01|Aleppo_Moschea_-_GAR_-_10-01
10|Aleppo_Museo_01|Aleppo_Museo_-_GAR_-_10-01
10|Aleppo_Museo_02|Aleppo_Museo_-_GAR_-_10-02
10|Aleppo_Museo_03|Aleppo_Museo_-_GAR_-_10-03
10|Bambine siriane_01|Bambine_siriane_-_GAR_-_10-01
10|Deir ez Zor_Cham Palace_01|Deir_ez_Zor_Cham_Palace_-_GAR_-_10-01
10|Dura Europos_01|Dura_Europos_-_GAR_-_10-01
10|Palmira_Persone_01|Palmira_Persone_-_GAR_-_10-01
10|Palmira_Persone_02|Palmira_Persone_-_GAR_-_10-02
10|Qasr al-Hayr al-Sharqi_01|Qasr_al-Hayr_al-Sharqi_-_GAR_-_10-01
10|Qasr al-Hayr al-Sharqi_02|Qasr_al-Hayr_al-Sharqi_-_GAR_-_10-02
10|Qasr al-Hayr al-Sharqi_03|Qasr_al-Hayr_al-Sharqi_-_GAR_-_10-03
10|Qasr al-Hayr al-Sharqi_04|Qasr_al-Hayr_al-Sharqi_-_GAR_-_10-04
10|Qasr al-Hayr al-Sharqi_05|Qasr_al-Hayr_al-Sharqi_-_GAR_-_10-05
10|Qasr al-Hayr al-Sharqi_06|Qasr_al-Hayr_al-Sharqi_-_GAR_-_10-06
10|Qasr al-Hayr al-Sharqi_07|Qasr_al-Hayr_al-Sharqi_-_GAR_-_10-07
10|Tell Barri_01|Tell_Barri_-_GAR_-_10-01
11|Jerade_001|Jerade_-_GAR_-_11-001
11|Jerade_002|Jerade_-_GAR_-_11-002
11|Jerade_003|Jerade_-_GAR_-_11-003
11|Jerade_004|Jerade_-_GAR_-_11-004
11|Jerade_005|Jerade_-_GAR_-_11-005
11|Jerade_006|Jerade_-_GAR_-_11-006
11|Jerade_007|Jerade_-_GAR_-_11-007
11|Jerade_008|Jerade_-_GAR_-_11-008
11|Jerade_009|Jerade_-_GAR_-_11-009
11|Jerade_010|Jerade_-_GAR_-_11-010
11|Jerade_011|Jerade_-_GAR_-_11-011
11|Kharab Shems_001|Kharab_Shems_-_GAR_-_11-001
11|Kharab Shems_002|Kharab_Shems_-_GAR_-_11-002
11|Kharab Shems_003|Kharab_Shems_-_GAR_-_11-003
11|Kharab Shems_004|Kharab_Shems_-_GAR_-_11-004
11|Kharab Shems_005|Kharab_Shems_-_GAR_-_11-005
11|Kharab Shems_006|Kharab_Shems_-_GAR_-_11-006
11|Kharab Shems_007|Kharab_Shems_-_GAR_-_11-007
11|Kharab Shems_008|Kharab_Shems_-_GAR_-_11-008
11|Kharab Shems_009|Kharab_Shems_-_GAR_-_11-009
11|Maarat An Numan_006|Maarat_An_Numan_-_GAR_-_11-006
11|Maarat An Numan_009|Maarat_An_Numan_-_GAR_-_11-009
11|Moschea Aleppo_01|Moschea_Aleppo_-_GAR_-_11-01
11|Moschea Aleppo_02|Moschea_Aleppo_-_GAR_-_11-02
11|Moschea Aleppo_03|Moschea_Aleppo_-_GAR_-_11-03
11|Moschea Aleppo_04|Moschea_Aleppo_-_GAR_-_11-04
11|Moschea Aleppo_05|Moschea_Aleppo_-_GAR_-_11-05
11|Qalb Lauzeh_001|Qalb_Lauzeh_-_GAR_-_11-001
11|Qalb Lauzeh_002|Qalb_Lauzeh_-_GAR_-_11-002
11|Qalb Lauzeh_003|Qalb_Lauzeh_-_GAR_-_11-003
11|Qalb Lauzeh_004|Qalb_Lauzeh_-_GAR_-_11-004
11|Qalb Lauzeh_005|Qalb_Lauzeh_-_GAR_-_11-005
